605018,N长华
605136,N丽人
300581,晨曦航空
300527,中船应急
300518,盛讯达
300655,晶瑞股份
688595,芯海科技
300589,江龙船艇
300542,新晨科技
300072,三聚环保
300722,新余国科
300875,捷强装备
300344,太空智造
300721,怡达股份
300307,慈星股份
300008,天海防务
600237,铜峰电子
601218,吉鑫科技
002187,广百股份
002998,优彩资源
605198,德利股份
605111,新洁能
003010,若羽臣
003009,中天火箭
605218,伟时电子
002194,武汉凡谷
000733,振华科技
605358,立昂微
002165,红 宝 丽
003006,百亚股份
300427,红相股份
300398,飞凯材料
002547,春兴精工
002132,恒星科技
603758,秦安股份
688055,龙腾光电
300411,金盾股份
300711,广哈通信
300810,中科海讯
600316,洪都航空
300537,广信材料
300637,扬帆新材
300577,开润股份
300470,中密控股
002292,奥飞娱乐
300415,伊之密
002013,中航机电
300073,当升科技
300099,精准信息
000021,深科技
300277,海联讯
600456,宝钛股份
300733,西菱动力
300368,汇金股份
300600,瑞特股份
002560,通达股份
300095,华伍股份
688188,柏楚电子
000735,罗 牛 山
603378,亚士创能
603809,豪能股份
300610,晨化股份
002389,航天彩虹
600478,科力远
002240,威华股份
300252,金信诺
688018,乐鑫科技
003000,华文食品
600893,航发动力
300265,通光线缆
600298,安琪酵母
300801,泰和科技
300414,中光防雷
300862,蓝盾光电
300210,森远股份
000932,华菱钢铁
002511,中顺洁柔
300855,图南股份
300775,三角防务
002372,伟星新材
300775,三角防务
688556,高测股份
300696,爱乐达
300516,久之洋
300633,开立医疗
688526,科前生物
300439,美康生物
002541,鸿路钢构
300855,图南股份
000915,山大华特
300680,隆盛科技
002497,雅化集团
002785,万里石
300278,华昌达
603131,上海沪工
300847,中船汉光
300654,世纪天鸿
603258,XD电魂网
688002,睿创微纳
002460,赣锋锂业
300847,中船汉光
300742,越博动力
300456,赛微电子
300278,华昌达
002460,赣锋锂业
603108,润达医疗
688266,泽璟制药-U
600371,万向德农
300365,恒华科技
300397,天和防务
300657,弘信电子
002216,三全食品
002930,宏川智慧
002596,海南瑞泽
600883,博闻科技
300719,安达维尔
688586,江航装备
300185,通裕重工
300738,奥飞数据
002683,宏大爆破
002847,盐津铺子
300738,奥飞数据
002683,宏大爆破
300094,国联水产
300146,汤臣倍健
300317,珈伟新能
600375,华菱星马
300447,全信股份
300593,新雷能
002288,超华科技
002171,楚江新材
300114,中航电测
603528,多伦科技
300469,信息发展
601966,玲珑轮胎
600764,中国海防
000711,京蓝科技
300629,新劲刚
688169,石头科技
601882,海天精工
300447,全信股份
002171,楚江新材
002288,超华科技
601882,海天精工
688521,芯原股份-U
688169,石头科技
300502,新易盛
688012,中微公司
300153,科泰电源
600120,浙江东方
688088,虹软科技
002371,北方华创
300561,汇金科技
300538,同益股份
603026,石大胜华
605168,三人行
002862,实丰文化
002028,思源电气
002830,名雕股份
002637,赞宇科技
002028,思源电气
603977,国泰集团
300817,双飞股份
688023,安恒信息
600250,南纺股份
002637,赞宇科技
601878,浙商证券
603650,彤程新材
600242,*ST中昌
002042,华孚时尚
002052,*ST同洲
600702,ST舍得
000967,盈峰环境
603026,石大胜华
002862,实丰文化
300554,三超新材
600038,中直股份
002675,东诚药业
600865,百大集团
002163,海南发展
600250,南纺股份
002163,海南发展
601137,博威合金
002042,华孚时尚
002025,航天电器
002335,科华恒盛
300554,三超新材
002637,赞宇科技
002597,金禾实业
600685,中船防务
300001,特锐德
300223,北京君正
600718,东软集团
600865,百大集团
603996,*ST中新
688008,澜起科技
688095,福昕软件
002791,坚朗五金
300723,一品红
300217,东方电热
300723,一品红
000767,漳泽电力
300217,东方电热
688008,澜起科技
002577,雷柏科技
300768,迪普科技
002812,恩捷股份
002791,坚朗五金
000581,威孚高科
300065,海兰信
002977,天箭科技
300403,汉宇集团
000851,高鸿股份
300123,亚光科技
300467,迅游科技
300627,华测导航
300666,江丰电子
002868,绿康生化
002285,世联行
300330,华虹计通
002532,新界泵业
002714,牧原股份
300159,新研股份
688138,清溢光电
300403,汉宇集团
603496,恒为科技
300560,中富通
688155,先惠技术
603901,永创智能
600523,贵航股份
001696,宗申动力
300152,科融环境
300390,天华超净
300777,中简科技
600136,当代文体
688036,传音控股
601038,一拖股份
300466,赛摩智能
002791,坚朗五金
002049,紫光国微
000851,高鸿股份
001696,宗申动力
688036,传音控股
600184,光电股份
300402,宝色股份
300159,新研股份
002049,紫光国微
603496,恒为科技
600136,当代文体
688126,沪硅产业-U
002741,光华科技
000729,燕京啤酒
688023,安恒信息
688299,长阳科技
002119,康强电子
002402,和而泰
002209,达 意 隆
688127,蓝特光学
600416,*ST湘电
600290,*ST华仪
002402,和而泰
300806,斯迪克
300449,汉邦高科
002311,海大集团
000729,燕京啤酒
600684,珠江实业
300466,赛摩智能
300666,江丰电子
002738,中矿资源
300086,康芝药业
002281,光迅科技
601058,赛轮轮胎
300034,钢研高纳
600862,中航高科
002034,旺能环境
603168,莎普爱思
300325,德威新材
603309,维力医疗
300558,贝达药业
300004,南风股份
002353,杰瑞股份
300004,南风股份
000729,燕京啤酒
601606,长城军工
688196,卓越新能
002254,泰和新材
600260,凯乐科技
300086,康芝药业
603517,绝味食品
600072,中船科技
603887,城地股份
300558,贝达药业
603337,杰克股份
688596,正帆科技
688363,华熙生物
300138,晨光生物
300806,斯迪克
002084,海鸥住工
600823,世茂股份
603178,圣龙股份
603178,圣龙股份
603517,绝味食品
601058,赛轮轮胎
600099,林海股份
002254,泰和新材
600684,珠江实业
300287,飞利信
300416,苏试试验
002161,远 望 谷
300806,斯迪克
002447,*ST晨鑫
002488,金固股份
300067,安诺其
300271,华宇软件
603345,安井食品
600765,中航重机
603010,万盛股份
688363,华熙生物
002156,通富微电
300386,飞天诚信
603456,九洲药业
002111,威海广泰
600165,新日恒力
002318,久立特材
603938,三孚股份
000818,航锦科技
000768,中航飞机
603311,金海环境
603178,圣龙股份
300557,理工光科
300287,飞利信
002321,华英农业
603659,璞泰来
300567,精测电子
603727,博迈科
603010,万盛股份
688596,正帆科技
600399,ST抚钢
300211,亿通科技
002324,普利特
300151,昌红科技
300866,安克创新
300386,飞天诚信
688100,威胜信息
600391,航发科技
000887,中鼎股份
002126,银轮股份
600496,精工钢构
000519,中兵红箭
603602,纵横通信
002747,埃斯顿
688596,正帆科技
002190,成飞集成
688199,久日新材
002466,天齐锂业
300139,晓程科技
002413,雷科防务
600399,ST抚钢
600562,国睿科技
603727,博迈科
300379,东方通
002156,通富微电
300866,安克创新
603010,万盛股份
688199,久日新材
603602,纵横通信
300193,佳士科技
300567,精测电子
603223,恒通股份
002190,成飞集成
300424,航新科技
688100,威胜信息
688111,金山办公
300232,洲明科技
002410,广联达
300747,锐科激光
600070,浙江富润
603318,派思股份
688558,国盛智科
300120,经纬辉开
688111,金山办公
300481,濮阳惠成
300232,洲明科技
603439,贵州三力
002413,雷科防务
300747,锐科激光
603318,派思股份
688558,国盛智科
002156,通富微电
300769,德方纳米
300048,合康新能
300866,安克创新
002813,路畅科技
603083,剑桥科技
603138,海量数据
603063,禾望电气
600329,中新药业
002819,东方中科
600584,长电科技
002410,广联达
300193,佳士科技
002410,广联达
300543,朗科智能
000877,天山股份
688368,晶丰明源
603083,剑桥科技
300481,濮阳惠成
002190,成飞集成
600070,浙江富润
000155,川能动力
300747,锐科激光
300237,美晨生态
002593,日上集团
603439,贵州三力
000725,京东方Ａ
600315,上海家化
002413,雷科防务
603267,鸿远电子
300137,先河环保
603025,大豪科技
300543,朗科智能
688022,瀚川智能
300084,海默科技
603223,恒通股份
300824,北鼎股份
300139,晓程科技
688101,三达膜
300221,银禧科技
000403,双林生物
603439,贵州三力
300296,利亚德
002935,天奥电子
300297,蓝盾股份
688369,致远互联
300011,鼎汉技术
300683,海特生物
600343,航天动力
600501,航天晨光
600435,北方导航
002222,福晶科技
300046,台基股份
300137,先河环保
688311,盟升电子
300302,同有科技
300549,优德精密
000633,合金投资
600399,ST抚钢
300474,景嘉微
603439,贵州三力
601890,亚星锚链
603737,三棵树
688256,寒武纪-U
300139,晓程科技
600131,国网信通
600315,上海家化
300750,宁德时代
603220,中贝通信
688081,兴图新科
002020,京新药业
688001,华兴源创
300011,鼎汉技术
600131,国网信通
300084,海默科技
600588,用友网络
300033,同花顺
688080,映翰通
603638,艾迪精密
300137,先河环保
300297,蓝盾股份
002020,京新药业
600501,航天晨光
603439,贵州三力
603737,三棵树
300845,捷安高科
600506,香梨股份
002825,纳尔股份
000100,TCL科技
300391,康跃科技
300167,迪威迅
600435,北方导航
600227,圣济堂
300302,同有科技
300481,濮阳惠成
300033,同花顺
688200,华峰测控
300228,富瑞特装
603439,贵州三力
600595,ST中孚
600350,山东高速
600118,中国卫星
688030,山石网科
300845,捷安高科
002064,华峰氨纶
300587,天铁股份
300373,扬杰科技
688029,南微医学
002781,奇信股份
300766,每日互动
002571,德力股份
000561,烽火电子
002020,京新药业
300575,中旗股份
300391,康跃科技
600172,黄河旋风
688166,博瑞医药
688277,天智航-U
300468,四方精创
300085,银之杰
300474,景嘉微
603819,神力股份
300706,阿石创
002149,西部材料
000701,厦门信达
300214,日科化学
300110,华仁药业
300167,迪威迅
002781,奇信股份
002491,通鼎互联
300135,宝利国际
603955,大千生态
300135,宝利国际
603787,新日股份
603955,大千生态
300253,卫宁健康
300189,神农科技
000901,航天科技
603773,沃格光电
688123,聚辰股份
300706,阿石创
000421,南京公用
002080,中材科技
688030,山石网科
002316,亚联发展
300785,值得买
600173,卧龙地产
600350,山东高速
002943,宇晶股份
600095,哈高科
002557,洽洽食品
600647,同达创业
000561,烽火电子
002643,万润股份
603599,广信股份
600405,动力源
002825,纳尔股份
600647,同达创业
688001,华兴源创
600236,桂冠电力
002873,新天药业
300334,津膜科技
002459,晶澳科技
603730,岱美股份
300074,华平股份
300785,值得买
300046,台基股份
002484,江海股份
688033,天宜上佳
002443,金洲管道
300055,万邦达
300082,奥克股份
300785,值得买
000613,大东海A
300214,日科化学
000901,航天科技
688030,山石网科
600095,哈高科
688388,嘉元科技
300645,正元智慧
300187,永清环保
603880,南卫股份
601118,海南橡胶
601698,中国卫通
603259,药明康德
688081,兴图新科
300720,海川智能
000547,航天发展
002970,锐明技术
002459,晶澳科技
688010,福光股份
000701,厦门信达
300448,浩云科技
603029,天鹅股份
603058,永吉股份
600967,内蒙一机
600520,文一科技
300189,神农科技
000421,南京公用
002559,亚威股份
002484,江海股份
600884,杉杉股份
688033,天宜上佳
603880,南卫股份
002366,台海核电
002164,宁波东力
601689,拓普集团
603236,移远通信
600990,四创电子
000034,神州数码
688568,中科星图
002319,*ST乐通
300168,万达信息
300082,奥克股份
300786,国林科技
002443,金洲管道
002139,拓邦股份
603236,移远通信
603187,海容冷链
300055,万邦达
002983,芯瑞达
000099,中信海直
300648,星云股份
600372,中航电子
600405,动力源
002175,*ST东网
688233,神工股份
600148,长春一东
688016,心脉医疗
688200,华峰测控
300448,浩云科技
002933,新兴装备
688016,心脉医疗
688200,华峰测控
300448,浩云科技
600380,健康元
300373,扬杰科技
601168,西部矿业
300163,先锋新材
688156,路德环境
300126,锐奇股份
600884,杉杉股份
688555,泽达易盛
600150,中国船舶
688030,山石网科
603719,良品铺子
002548,金新农
603338,浙江鼎力
000911,南宁糖业
000592,平潭发展
300571,平治信息
600148,长春一东
300126,锐奇股份
600884,杉杉股份
600299,安迪苏
688555,泽达易盛
600150,中国船舶
600667,太极实业
000589,贵州轮胎
002548,金新农
600058,五矿发展
000592,平潭发展
300571,平治信息
600280,*ST中商
002229,鸿博股份
300082,奥克股份
603612,索通发展
600198,大唐电信
002933,新兴装备
688389,普门科技
603949,雪龙集团
300134,大富科技
600150,中国船舶
600323,瀚蓝环境
000720,新能泰山
002037,保利联合
600363,联创光电
300578,会畅通讯
300448,浩云科技
600299,安迪苏
300394,天孚通信
002927,泰永长征
300333,兆日科技
300320,海达股份
000691,亚太实业
300279,和晶科技
300576,容大感光
002921,联诚精密
300399,京天利
300019,硅宝科技
300259,新天科技
603858,步长制药
600879,航天电子
002280,*ST联络
002695,煌上煌
300019,硅宝科技
300259,新天科技
300576,容大感光
688198,佰仁医疗
300199,翰宇药业
002826,易明医药
002379,宏创控股
300752,隆利科技
603985,XD恒润股
603612,索通发展
300380,安硕信息
600370,三房巷
300798,锦鸡股份
300818,耐普矿机
002883,中设股份
603322,超讯通信
600901,江苏租赁
002330,得利斯
300798,锦鸡股份
300818,耐普矿机
002883,中设股份
603838,四通股份
600901,江苏租赁
300172,中电环保
300570,太辰光
000333,美的集团
002695,煌上煌
300399,京天利
300603,立昂技术
002429,兆驰股份
300282,三盛教育
002982,湘佳股份
603218,日月股份
300840,酷特智能
300096,易联众
300831,派瑞股份
002131,利欧股份
300375,鹏翎股份
000049,德赛电池
002229,鸿博股份
600768,宁波富邦
603322,超讯通信
603580,艾艾精工
688165,埃夫特-U
600576,祥源文化
000589,贵州轮胎
600647,同达创业
300729,乐歌股份
603002,宏昌电子
300798,锦鸡股份
603815,交建股份
000876,新 希 望
000687,*ST华讯
002192,*ST融捷
300576,容大感光
688579,山大地纬
300658,延江股份
000589,贵州轮胎
600647,同达创业
603002,宏昌电子
300798,锦鸡股份
603815,交建股份
300399,京天利
000333,美的集团
000687,*ST华讯
002369,卓翼科技
300519,新光药业
002192,*ST融捷
603825,华扬联众
300092,科新机电
688579,山大地纬
300346,南大光电
300729,乐歌股份
002544,杰赛科技
603098,森特股份
002308,威创股份
002074,国轩高科
300346,南大光电
600690,海尔智家
000876,新 希 望
603799,华友钴业
000886,海南高速
688128,中国电研
600975,新五丰
300045,华力创通
300399,京天利
002655,共达电声
603906,龙蟠科技
688028,沃尔德
300709,精研科技
600753,东方银星
300435,中泰股份
300667,必创科技
603088,宁波精达
688520,神州细胞-U
600537,亿晶光电
688508,芯朋微
002428,云南锗业
000158,常山北明
002695,煌上煌
300236,上海新阳
603825,华扬联众
002316,亚联发展
600690,海尔智家
688017,绿的谐波
002234,民和股份
002023,海特高新
300051,三五互联
000700,模塑科技
600768,宁波富邦
603133,碳元科技
300227,光韵达
300053,欧比特
300851,交大思诺
002299,圣农发展
002294,信立泰
002179,中航光电
603380,易德龙
300059,东方财富
300380,安硕信息
300069,金利华电
300515,三德科技
000545,金浦钛业
300176,派生科技
300268,佳沃股份
300013,新宁物流
002695,煌上煌
000062,深圳华强
688300,联瑞新材
002075,沙钢股份
000516,国际医学
600918,中泰证券
300282,三盛教育
002617,露笑科技
688366,昊海生科
002068,黑猫股份
603179,新泉股份
002695,煌上煌
600763,通策医疗
000062,深圳华强
688300,联瑞新材
601866,中远海发
002429,兆驰股份
002075,沙钢股份
600918,中泰证券
300282,三盛教育
002068,黑猫股份
300663,科蓝软件
603906,龙蟠科技
300602,飞荣达
002737,葵花药业
300709,精研科技
000823,超声电子
603286,日盈电子
002369,卓翼科技
300145,中金环境
003002,壶化股份
600640,号百控股
600206,有研新材
603179,新泉股份
300096,易联众
002600,领益智造
603927,中科软
300663,科蓝软件
600975,新五丰
002308,威创股份
600690,海尔智家
600482,中国动力
000893,亚钾国际
300802,矩子科技
300075,数字政通
002361,神剑股份
000985,大庆华科
603042,华脉科技
300222,科大智能
002946,新乳业
002009,天奇股份
002317,众生药业
000070,特发信息
688318,XD财富趋
300802,矩子科技
603703,盛洋科技
300092,科新机电
002695,煌上煌
600235,民丰特纸
300762,上海瀚讯
600712,南宁百货
300087,荃银高科
000829,天音控股
600318,新力金融
000823,超声电子
601258,ST庞大
300250,初灵信息
300364,中文在线
300166,东方国信
002612,朗姿股份
300328,宜安科技
002362,汉王科技
600581,八一钢铁
000823,超声电子
601258,ST庞大
300250,初灵信息
300328,宜安科技
688338,赛科希德
300630,普利制药
688156,路德环境
300042,朗科科技
603155,新亚强
002718,友邦吊顶
688519,南亚新材
002787,华源控股
002946,新乳业
300498,温氏股份
300599,雄塑科技
002465,海格通信
300621,维业股份
600845,宝信软件
603882,金域医学
002797,第一创业
300042,朗科科技
002183,怡 亚 通
002787,华源控股
600850,华东电脑
300599,雄塑科技
300621,维业股份
600845,宝信软件
002895,川恒股份
300872,天阳科技
300370,安控科技
002600,领益智造
000930,中粮科技
300096,易联众
300164,通源石油
300762,上海瀚讯
300359,全通教育
300513,恒实科技
300494,盛天网络
002368,太极股份
603668,天马科技
603882,金域医学
002406,远东传动
603712,七一二
688078,龙软科技
600573,惠泉啤酒
600139,西部资源
002403,爱仕达
600060,海信视像
603392,万泰生物
002303,美盈森
002075,沙钢股份
300042,朗科科技
300547,川环科技
600251,冠农股份
300250,初灵信息
300608,思特奇
003002,壶化股份
600480,凌云股份
600251,冠农股份
300608,思特奇
600480,凌云股份
300198,纳川股份
300872,天阳科技
600844,丹化科技
300647,超频三
002897,意华股份
000758,中色股份
300150,世纪瑞尔
605123,派克新材
002409,雅克科技
002715,登云股份
002555,三七互娱
000975,银泰黄金
600615,丰华股份
000893,亚钾国际
600791,京能置业
000982,*ST 中绒
002068,黑猫股份
300043,星辉娱乐
300479,神思电子
600021,上海电力
002797,第一创业
600167,联美控股
002294,信立泰
002388,新亚制程
600619,海立股份
300781,因赛集团
603788,宁波高发
300097,智云股份
300107,建新股份
688358,祥生医疗
300352,北信源
002888,惠威科技
000801,四川九洲
601519,大智慧
002630,华西能源
688378,奥来德
603707,健友股份
002888,惠威科技
000801,四川九洲
601519,大智慧
002630,华西能源
300562,乐心医疗
600130,波导股份
300021,大禹节水
002600,领益智造
002368,太极股份
300498,温氏股份
300070,碧水源
603811,诚意药业
300024,机器人
002603,以岭药业
000952,广济药业
300472,新元科技
002148,北纬科技
002694,顾地科技
601801,皖新传媒
688310,迈得医疗
603232,格尔软件
603811,诚意药业
000952,广济药业
002148,北纬科技
002694,顾地科技
688310,迈得医疗
603988,中电电机
300310,宜通世纪
600531,豫光金铅
600060,海信视像
603127,昭衍新药
300038,数知科技
002505,大康农业
688177,百奥泰-U
002368,太极股份
688488,艾迪药业
300479,神思电子
300446,ST乐凯
000676,智度股份
300836,佰奥智能
000801,四川九洲
300054,鼎龙股份
002630,华西能源
688378,奥来德
688321,微芯生物
600130,波导股份
600488,天药股份
300021,大禹节水
002852,道道全
603811,诚意药业
002618,丹邦科技
600775,南京熊猫
603269,海鸥股份
000952,广济药业
300230,永利股份
002694,顾地科技
688310,迈得医疗
603988,中电电机
688569,铁科轨道
300310,宜通世纪
300107,建新股份
688358,祥生医疗
300840,酷特智能
300352,北信源
000801,四川九洲
603826,坤彩科技
300054,鼎龙股份
002630,华西能源
688378,奥来德
600130,波导股份
600488,天药股份
300021,大禹节水
002585,双星新材
002779,中坚科技
002010,传化智联
603811,诚意药业
688488,艾迪药业
300245,天玑科技
600775,南京熊猫
000952,广济药业
002600,领益智造
002585,双星新材
300498,温氏股份
002779,中坚科技
300070,碧水源
002010,传化智联
603811,诚意药业
688488,艾迪药业
002603,以岭药业
300245,天玑科技
600775,南京熊猫
000952,广济药业
002694,顾地科技
603155,新亚强
601801,皖新传媒
688310,迈得医疗
603988,中电电机
688569,铁科轨道
688589,力合微
600845,宝信软件
603988,中电电机
688569,铁科轨道
300310,宜通世纪
600531,豫光金铅
002320,海峡股份
002230,科大讯飞
003002,壶化股份
688589,力合微
000728,国元证券
300201,海伦哲
002505,大康农业
002340,格林美
002866,传艺科技
688177,百奥泰-U
300012,华测检测
002368,太极股份
000895,双汇发展
300479,神思电子
300446,ST乐凯
000948,南天信息
300438,鹏辉能源
002079,苏州固锝
603155,新亚强
002104,恒宝股份
002599,盛通股份
603486,科沃斯
300341,麦克奥迪
603890,春秋电子
300698,万马科技
000895,双汇发展
002852,道道全
300836,佰奥智能
600365,ST通葡
688569,铁科轨道
002756,永兴材料
000750,国海证券
002344,海宁皮城
300183,东软载波
601108,财通证券
600714,金瑞矿业
603738,泰晶科技
688365,光云科技
600555,*ST海创
002985,北摩高科
300007,汉威科技
000510,新金路
603486,科沃斯
002291,星期六
002797,第一创业
603618,杭电股份
000682,东方电子
000516,国际医学
000895,双汇发展
300788,中信出版
002230,科大讯飞
300240,飞力达
600361,华联综超
002866,传艺科技
601615,明阳智能
000962,东方钽业
000962,东方钽业
603988,中电电机
688086,紫晶存储
002666,德联集团
300245,天玑科技
003002,壶化股份
603189,网达软件
002742,三圣股份
603232,格尔软件
600185,格力地产
000156,华数传媒
300017,网宿科技
002368,太极股份
300780,德恩精工
000976,华铁股份
600498,烽火通信
603268,松发股份
300409,道氏技术
600545,卓郎智能
300292,吴通控股
300409,道氏技术
600545,卓郎智能
300292,吴通控股
603890,春秋电子
000952,广济药业
603041,美思德
002585,双星新材
600446,金证股份
688177,百奥泰-U
000948,南天信息
002618,丹邦科技
002334,英威腾
300594,朗进科技
300352,北信源
002246,北化股份
601577,长沙银行
002627,宜昌交运
002342,巨力索具
600896,览海医疗
600571,信雅达
002627,宜昌交运
002342,巨力索具
600896,览海医疗
000555,神州信息
603908,牧高笛
300030,阳普医疗
300316,晶盛机电
000014,沙河股份
300324,旋极信息
002394,联发股份
000068,华控赛格
300529,健帆生物
300618,寒锐钴业
002289,ST宇顺
000506,中润资源
002642,荣联科技
603106,恒银科技
000554,泰山石油
688589,力合微
603988,中电电机
300261,雅本化学
603988,中电电机
600692,亚通股份
002452,长高集团
688186,广大特材
600418,江淮汽车
003002,壶化股份
000687,*ST华讯
600960,渤海汽车
002072,ST凯瑞
002620,瑞和股份
000559,万向钱潮
603508,思维列控
002332,仙琚制药
002173,创新医疗
600694,大商股份
002965,祥鑫科技
600581,八一钢铁
601500,通用股份
600446,金证股份
603508,思维列控
002173,创新医疗
000712,锦龙股份
002965,祥鑫科技
002799,环球印务
601500,通用股份
600446,金证股份
600396,金山股份
002601,龙蟒佰利
603810,丰山集团
002696,百洋股份
300347,泰格医药
300529,健帆生物
688159,有方科技
600291,西水股份
002504,弘高创意
002137,麦达数字
600385,ST金泰
300725,药石科技
002449,国星光电
300421,力星股份
600730,中国高科
000875,吉电股份
002866,传艺科技
601212,白银有色
002686,亿利达
002075,沙钢股份
300286,安科瑞
600821,*ST劝业
688004,博汇科技
002836,新宏泽
000156,华数传媒
300029,ST天龙
300475,聚隆科技
603530,神马电力
002120,韵达股份
002451,摩恩电气
603516,淳中科技
603003,龙宇燃油
603227,雪峰科技
600127,金健米业
002530,金财互联
300725,药石科技
603956,威派格
000962,东方钽业
002197,证通电子
600525,长园集团
603268,松发股份
300606,金太阳
300012,华测检测
603269,海鸥股份
600498,烽火通信
000712,锦龙股份
002701,奥瑞金
300058,蓝色光标
000713,丰乐种业
000750,国海证券
002461,珠江啤酒
600719,大连热电
300285,国瓷材料
300678,中科信息
600257,大湖股份
688090,瑞松科技
300622,博士眼镜
600480,凌云股份
600757,长江传媒
300331,苏大维格
603701,德宏股份
600552,凯盛科技
000565,渝三峡Ａ
000576,广东甘化
002815,崇达技术
300652,雷迪克
300594,朗进科技
300660,江苏雷利
000728,国元证券
603810,丰山集团
300495,美尚生态
603385,惠达卫浴
002573,清新环境
000826,启迪环境
002925,盈趣科技
300678,中科信息
300475,聚隆科技
000662,*ST天夏
000543,皖能电力
300741,华宝股份
002344,海宁皮城
300303,聚飞光电
600844,丹化科技
000156,华数传媒
300407,凯发电气
688068,热景生物
300324,旋极信息
002326,永太科技
300781,因赛集团
600895,张江高科
603607,京华激光
300670,大烨智能
002130,沃尔核材
000715,中兴商业
000555,神州信息
300596,利安隆
002334,英威腾
002530,金财互联
300625,三雄极光
600526,菲达环保
601611,中国核建
600163,中闽能源
002397,梦洁股份
300618,寒锐钴业
300678,中科信息
000963,华东医药
300622,博士眼镜
600249,两面针
002182,云海金属
688180,君实生物-U
300480,光力科技
600051,宁波联合
600839,四川长虹
002799,环球印务
600599,*ST熊猫
000958,东方能源
300347,泰格医药
603297,永新光学
002022,科华生物
603009,北特科技
300057,万顺新材
002694,顾地科技
600291,西水股份
603687,大胜达
300807,天迈科技
002866,传艺科技
688505,复旦张江
002328,新朋股份
300030,阳普医疗
300012,华测检测
601577,长沙银行
600896,览海医疗
000728,国元证券
000920,南方汇通
300220,金运激光
000605,渤海股份
603956,威派格
300488,恒锋工具
000622,恒立实业
603559,中通国脉
002430,杭氧股份
688310,迈得医疗
002959,小熊电器
002849,威星智能
002078,太阳纸业
603903,中持股份
600171,上海贝岭
300400,劲拓股份
300171,东富龙
603192,汇得科技
300066,三川智慧
000779,甘咨询
603161,科华控股
000156,华数传媒
300678,中科信息
603508,思维列控
600345,长江通信
000655,金岭矿业
600730,中国高科
000973,佛塑科技
002204,大连重工
600804,鹏博士
000963,华东医药
300003,乐普医疗
688215,瑞晟智能
603160,汇顶科技
002411,延安必康
002668,奥马电器
688309,恒誉环保
300585,奥联电子
688500,慧辰资讯
600476,湘邮科技
300867,圣元环保
000570,苏常柴Ａ
300030,阳普医疗
002530,金财互联
603908,牧高笛
300285,国瓷材料
002150,通润装备
002937,兴瑞科技
600326,西藏天路
002420,ST毅昌
000713,丰乐种业
600531,豫光金铅
601969,海南矿业
300670,大烨智能
600869,智慧能源
000875,吉电股份
300367,ST网力
603559,中通国脉
600462,*ST九有
300596,利安隆
300517,海波重科
300284,苏交科
600083,*ST博信
300303,聚飞光电
603185,上机数控
600390,五矿资本
002336,ST人乐
002925,盈趣科技
300324,旋极信息
002022,科华生物
600537,亿晶光电
600744,华银电力
600183,生益科技
000798,中水渔业
000690,宝新能源
603161,科华控股
600365,ST通葡
002676,顺威股份
300242,佳云科技
600756,浪潮软件
601577,长沙银行
601577,长沙银行
002828,贝肯能源
600692,亚通股份
002452,长高集团
603908,牧高笛
000565,渝三峡Ａ
603698,航天工程
603931,格林达
300682,朗新科技
600877,ST电能
300678,中科信息
600415,小商品城
600581,八一钢铁
300384,三联虹普
002152,广电运通
002241,歌尔股份
002753,永东股份
300299,富春股份
601616,广电电气
000988,华工科技
000856,冀东装备
603185,上机数控
002753,永东股份
300299,富春股份
601616,广电电气
000988,华工科技
002091,江苏国泰
000661,长春高新
600259,广晟有色
600128,弘业股份
300823,建科机械
002110,三钢闽光
300147,香雪制药
300795,米奥会展
002554,惠博普
601872,招商轮船
300115,长盈精密
000428,华天酒店
300867,圣元环保
600257,大湖股份
603931,格林达
300665,飞鹿股份
000890,*ST胜尔
600645,中源协和
601200,上海环境
600105,永鼎股份
688365,光云科技
300517,海波重科
600851,海欣股份
002846,英联股份
002263,大东南
600345,长江通信
002467,二六三
002253,川大智胜
600183,生益科技
300564,筑博设计
300462,华铭智能
002896,中大力德
600187,国中水务
688056,莱伯泰科
688365,光云科技
300517,海波重科
600851,海欣股份
002846,英联股份
600577,精达股份
002263,大东南
300353,东土科技
600345,长江通信
002467,二六三
002253,川大智胜
300564,筑博设计
600187,国中水务
688056,莱伯泰科
600980,北矿科技
300420,五洋停车
002425,凯撒文化
603516,淳中科技
002526,山东矿机
002337,赛象科技
000019,深粮控股
002253,川大智胜
002191,劲嘉股份
600187,国中水务
688056,莱伯泰科
002082,万邦德
600980,北矿科技
002425,凯撒文化
603516,淳中科技
002636,金安国纪
002526,山东矿机
002337,赛象科技
300490,华自科技
000019,深粮控股
002809,红墙股份
300458,全志科技
002350,北京科锐
603931,格林达
000637,茂化实华
600239,云南城投
002689,远大智能
002467,二六三
600639,浦东金桥
002191,劲嘉股份
688099,晶晨股份
600187,国中水务
688056,莱伯泰科
002082,万邦德
600980,北矿科技
603268,松发股份
603516,淳中科技
600277,亿利洁能
002636,金安国纪
002526,山东矿机
002337,赛象科技
300490,华自科技
002809,红墙股份
002350,北京科锐
603931,格林达
000637,茂化实华
600560,金自天正
300490,华自科技
002809,红墙股份
002350,北京科锐
000637,茂化实华
600661,昂立教育
002587,奥拓电子
600560,金自天正
002689,远大智能
002908,德生科技
600366,宁波韵升
600291,西水股份
000708,中信特钢
600526,菲达环保
600259,广晟有色
300351,永贵电器
688567,孚能科技
600683,京投发展
600217,中再资环
300713,英可瑞
300881,盛德鑫泰
002078,太阳纸业
300133,华策影视
000510,新金路
603931,格林达
603329,上海雅仕
000972,ST中基
300283,温州宏丰
002578,闽发铝业
300642,透景生命
600356,恒丰纸业
300445,康斯特
000400,许继电气
300805,电声股份
300596,利安隆
688060,云涌科技
000661,长春高新
688466,金科环境
002859,洁美科技
300741,华宝股份
600986,科达股份
000661,长春高新
300613,富瀚微
600396,金山股份
600249,两面针
000591,太阳能
601869,长飞光纤
002504,弘高创意
002152,广电运通
000050,深天马Ａ
603979,金诚信
300772,运达股份
603268,松发股份
601975,招商南油
000655,金岭矿业
002405,四维图新
300162,雷曼光电
300083,创世纪
600475,华光环能
000958,东方能源
600516,方大炭素
600475,华光环能
000958,东方能源
601233,桐昆股份
300170,汉得信息
300604,长川科技
000906,浙商中拓
002082,万邦德
600238,ST椰岛
000892,欢瑞世纪
600933,爱柯迪
002140,东华科技
002700,ST浩源
000821,京山轻机
300879,大叶股份
000063,中兴通讯
300717,华信新材
600756,浪潮软件
300206,理邦仪器
300682,朗新科技
688561,奇安信-U
000063,中兴通讯
300717,华信新材
600756,浪潮软件
300206,理邦仪器
600171,上海贝岭
300682,朗新科技
688561,奇安信-U
600186,莲花健康
002615,哈尔斯
600418,江淮汽车
600896,览海医疗
300819,聚杰微纤
601865,福莱特
300353,东土科技
002177,御银股份
002036,联创电子
688056,莱伯泰科
600183,生益科技
600783,鲁信创投
603086,先达股份
600639,浦东金桥
300803,指南针
300819,聚杰微纤
002177,御银股份
002036,联创电子
688056,莱伯泰科
600388,龙净环保
603086,先达股份
600247,*ST成城
300400,劲拓股份
300760,迈瑞医疗
601798,蓝科高新
601808,中海油服
300388,国祯环保
600973,宝胜股份
688009,中国通号
600633,浙数文化
002273,水晶光电
000819,岳阳兴长
002670,国盛金控
002527,新时达
603305,旭升股份
603928,兴业股份
600555,*ST海创
300464,星徽精密
000601,韶能股份
300108,吉药控股
002731,萃华珠宝
603019,中科曙光
300604,长川科技
002191,劲嘉股份
002051,中工国际
300850,新强联
002732,燕塘乳业
002387,维信诺
300767,震安科技
300242,佳云科技
600313,农发种业
000560,我爱我家
600064,南京高科
300642,透景生命
603305,旭升股份
600555,*ST海创
300108,吉药控股
002731,萃华珠宝
600461,洪城水业
000400,许继电气
002439,启明星辰
002191,劲嘉股份
603856,东宏股份
002732,燕塘乳业
000560,我爱我家
601865,福莱特
603421,鼎信通讯
300783,三只松鼠
300583,赛托生物
600319,ST亚星
002649,博彦科技
002206,海 利 得
000050,深天马Ａ
300767,震安科技
002180,纳思达
600771,广誉远
000661,长春高新
601608,中信重工
600073,上海梅林
603993,洛阳钼业
000570,苏常柴Ａ
600135,乐凯胶片
002152,广电运通
300713,英可瑞
002158,汉钟精机
300014,亿纬锂能
300782,卓胜微
300789,唐源电气
300556,丝路视觉
600866,星湖科技
002077,*ST大港
002641,永高股份
000739,普洛药业
300773,拉卡拉
600156,华升股份
300821,东岳硅材
002195,二三四五
603317,天味食品
600816,*ST安信
600497,驰宏锌锗
002249,大洋电机
002238,天威视讯
002226,江南化工
600455,博通股份
000862,银星能源
002091,江苏国泰
002414,高德红外
600309,万华化学
300133,华策影视
600721,ST百花
603915,国茂股份
601872,招商轮船
300014,亿纬锂能
002520,日发精机
002117,东港股份
600811,东方集团
002632,道明光学
601086,国芳集团
603508,思维列控
300422,博世科
002078,太阳纸业
600642,申能股份
600724,宁波富达
300628,亿联网络
300158,振东制药
300653,正海生物
605088,冠盛股份
600309,万华化学
600839,四川长虹
000413,东旭光电
300652,雷迪克
600833,第一医药
002782,可立克
300381,溢多利
605088,冠盛股份
002682,龙洲股份
300170,汉得信息
600839,四川长虹
000413,东旭光电
300652,雷迪克
300773,拉卡拉
600737,中粮糖业
600833,第一医药
002782,可立克
002115,三维通信
300105,龙源技术
002644,佛慈制药
002264,新 华 都
002996,顺博合金
300849,锦盛新材
300014,亿纬锂能
600773,西藏城投
600192,长城电工
688258,卓易信息
002115,三维通信
300318,博晖创新
300105,龙源技术
002644,佛慈制药
300708,聚灿光电
002264,新 华 都
000558,莱茵体育
002996,顺博合金
600192,长城电工
600725,ST云维
600366,宁波韵升
600358,*ST联合
002414,高德红外
603557,起步股份
000023,深天地Ａ
600388,龙净环保
300707,威唐工业
603367,辰欣药业
600869,智慧能源
002546,新联电子
600355,精伦电子
002817,黄山胶囊
601515,东风股份
600499,科达制造
300098,高新兴
000016,深康佳Ａ
002662,京威股份
300708,聚灿光电
002092,中泰化学
603305,旭升股份
002140,东华科技
600009,上海机场
603288,海天味业
002464,众应互联
600868,梅雁吉祥
600439,瑞贝卡
002094,青岛金王
002191,劲嘉股份
600418,江淮汽车
600309,万华化学
300671,富满电子
600868,梅雁吉祥
600439,瑞贝卡
300056,中创环保
002094,青岛金王
002191,劲嘉股份
600782,新钢股份
300088,长信科技
002631,德尔未来
300014,亿纬锂能
300212,易华录
002401,中远海科
002513,*ST蓝丰
300548,博创科技
600846,同济科技
300837,浙矿股份
300276,三丰智能
603356,华菱精工
002775,文科园林
002662,京威股份
603929,亚翔集成
002092,中泰化学
300688,创业黑马
300671,富满电子
603288,海天味业
600868,梅雁吉祥
600439,瑞贝卡
002094,青岛金王
603982,泉峰汽车
000600,建投能源
002236,大华股份
002631,德尔未来
002513,*ST蓝丰
603356,华菱精工
300604,长川科技
002775,文科园林
300864,南大环境
600429,三元股份
600309,万华化学
600064,南京高科
601798,蓝科高新
002662,京威股份
603929,亚翔集成
002092,中泰化学
600933,爱柯迪
002408,齐翔腾达
300688,创业黑马
600009,上海机场
300507,苏奥传感
600868,梅雁吉祥
002094,青岛金王
600783,鲁信创投
603982,泉峰汽车
002191,劲嘉股份
000600,建投能源
002631,德尔未来
002370,亚太药业
000598,兴蓉环境
002513,*ST蓝丰
600516,方大炭素
002279,久其软件
688598,金博股份
000906,浙商中拓
603897,长城科技
002073,软控股份
603926,铁流股份
600582,天地科技
002962,五方光电
601678,滨化股份
001872,招商港口
000652,泰达股份
600321,正源股份
002498,汉缆股份
002078,太阳纸业
000970,中科三环
000821,京山轻机
002032,苏 泊 尔
600283,钱江水利
300821,东岳硅材
603186,华正新材
002032,苏 泊 尔
000993,闽东电力
688158,优刻得-W
300864,南大环境
002528,英飞拓
601216,君正集团
603444,吉比特
600309,万华化学
603367,辰欣药业
002117,东港股份
600771,广誉远
600750,江中药业
601228,广州港
300184,力源信息
001914,招商积余
300036,超图软件
000601,韶能股份
600641,万业企业
600461,洪城水业
605088,冠盛股份
603717,天域生态
002448,中原内配
601311,骆驼股份
002641,永高股份
300212,易华录
600111,北方稀土
002817,黄山胶囊
600897,厦门空港
605166,聚合顺
601258,ST庞大
300180,华峰超纤
002701,奥瑞金
002050,三花智控
600737,中粮糖业
600726,华电能源
600388,龙净环保
600078,澄星股份
300200,高盟新材
300388,国祯环保
300322,硕贝德
002817,黄山胶囊
000807,云铝股份
600897,厦门空港
605166,聚合顺
601789,宁波建工
601258,ST庞大
300180,华峰超纤
600575,淮河能源
000989,九 芝 堂
600388,龙净环保
300133,华策影视
600078,澄星股份
603967,中创物流
300790,宇瞳光学
002632,道明光学
601609,金田铜业
600602,云赛智联
300534,陇神戎发
300864,南大环境
300388,国祯环保
000428,华天酒店
300790,宇瞳光学
601609,金田铜业
600602,云赛智联
300534,陇神戎发
300864,南大环境
603995,甬金股份
601929,吉视传媒
000905,厦门港务
300671,富满电子
002043,兔 宝 宝
603863,松炀资源
600577,精达股份
688598,金博股份
603636,南威软件
603613,国联股份
300417,南华仪器
600697,欧亚集团
002238,天威视讯
002043,兔 宝 宝
600577,精达股份
688598,金博股份
300100,双林股份
603613,国联股份
300417,南华仪器
600697,欧亚集团
002238,天威视讯
300688,创业黑马
600272,开开实业
600277,亿利洁能
600082,海泰发展
002337,赛象科技
002387,维信诺
603986,兆易创新
600195,中牧股份
000636,风华高科
601388,怡球资源
600458,时代新材
600231,凌钢股份
002492,恒基达鑫
600218,全柴动力
002456,欧菲光
002976,瑞玛工业
600867,通化东宝
002689,远大智能
002193,如意集团
002507,涪陵榨菜
600510,黑牡丹
600864,哈投股份
000630,铜陵有色
300717,华信新材
600549,厦门钨业
002533,金杯电工
600645,中源协和
601360,三六零
600616,金枫酒业
002181,粤 传 媒
000795,英洛华
600664,哈药股份
002269,美邦服饰
603586,金麒麟
688178,万德斯
600177,雅戈尔
600847,万里股份
605100,华丰股份
600378,昊华科技
600698,ST天雁
002265,西仪股份
002962,五方光电
600995,文山电力
603689,皖天然气
600331,宏达股份
601155,新城控股
600470,*ST六化
000791,甘肃电投
603936,博敏电子
002440,闰土股份
300281,金明精机
600742,一汽富维
002346,柘中股份
600219,南山铝业
002050,三花智控
002782,可立克
000761,本钢板材
600528,中铁工业
603776,永安行
600313,农发种业
300434,金石亚药
600998,九州通
001914,招商积余
600696,ST岩石
300837,浙矿股份
002433,太安堂
300849,锦盛新材
600010,包钢股份
002242,九阳股份
300056,中创环保
300158,振东制药
603283,赛腾股份
002248,华东数控
600838,上海九百
002468,申通快递
603937,丽岛新材
603021,山东华鹏
600970,中材国际
600648,外高桥
600773,西藏城投
600989,宝丰能源
600469,风神股份
600366,宁波韵升
002969,嘉美包装
600703,三安光电
603466,风语筑
603899,晨光文具
002490,山东墨龙
300735,光弘科技
002876,三利谱
600100,同方股份
603617,君禾股份
600312,平高电气
002295,精艺股份
300556,丝路视觉
002929,润建股份
600229,城市传媒
603278,大业股份
002540,亚太科技
600088,中视传媒
300022,吉峰科技
603256,宏和科技
300023,宝德股份
002424,贵州百灵
600744,华银电力
000685,中山公用
603978,深圳新星
000672,上峰水泥
600386,北巴传媒
603217,元利科技
600365,ST通葡
600293,三峡新材
002215,诺 普 信
002898,赛隆药业
688158,优刻得-W
000530,冰山冷热
600207,安彩高科
600618,氯碱化工
603598,引力传媒
600422,昆药集团
002973,侨银环保
000935,四川双马
000680,山推股份
600192,长城电工
600532,宏达矿业
000032,深桑达Ａ
603117,万林物流
002763,汇洁股份
002590,万安科技
002001,新 和 成
603713,密尔克卫
002733,雄韬股份
002279,久其软件
600797,浙大网新
603662,柯力传感
002554,惠博普
603679,华体科技
002087,新野纺织
603321,梅轮电梯
002646,青青稞酒
603601,再升科技
603997,继峰股份
601068,中铝国际
002471,中超控股
002732,燕塘乳业
603693,江苏新能
002829,星网宇达
000863,三湘印象
002019,亿帆医药
000731,四川美丰
002058,威 尔 泰
000739,普洛药业
601899,紫金矿业
000971,*ST高升
000989,九 芝 堂
000920,南方汇通
000678,襄阳轴承
000065,北方国际
300015,爱尔眼科
688377,迪威尔
603717,天域生态
603739,蔚蓝生物
601700,风范股份
600279,重庆港九
300098,高新兴
002089,ST新海
603860,中公高科
600077,宋都股份
002721,金一文化
601066,中信建投
601000,唐山港
002685,华东重机
603766,隆鑫通用
002464,众应互联
000665,湖北广电
002374,丽鹏股份
002005,*ST德豪
000539,粤电力Ａ
600603,广汇物流
000600,建投能源
603121,华培动力
300878,维康药业
600444,国机通用
300133,华策影视
600834,申通地铁
002008,大族激光
300812,易天股份
002775,文科园林
002435,长江健康
000707,ST双环
603676,卫信康
603328,依顿电子
002632,道明光学
002564,天沃科技
603992,松霖科技
000839,中信国安
600689,上海三毛
600663,陆家嘴
002608,江苏国信
603690,至纯科技
002364,中恒电气
000960,锡业股份
300826,测绘股份
600969,郴电国际
603556,海兴电力
002024,苏宁易购
002682,龙洲股份
603038,华立股份
002691,冀凯股份
002237,恒邦股份
300701,森霸传感
600500,中化国际
601326,秦港股份
688336,三生国健
002365,永安药业
002129,中环股份
601588,北辰实业
300195,长荣股份
002373,千方科技
300483,沃施股份
300016,北陆药业
002419,天虹股份
000859,国风塑业
688229,博睿数据
603633,徕木股份
600572,康恩贝
000627,天茂集团
300492,华图山鼎
600771,广誉远
002628,成都路桥
000401,冀东水泥
688981,中芯国际-U
600467,好当家
601702,华峰铝业
600335,国机汽车
002145,中核钛白
605178,时空科技
603876,鼎胜新材
300759,康龙化成
000788,北大医药
600487,亨通光电
002892,科力尔
603667,五洲新春
601996,丰林集团
600186,莲花健康
600613,神奇制药
002421,达实智能
000663,*ST永林
603035,常熟汽饰
002708,光洋股份
600056,中国医药
300664,鹏鹞环保
600874,创业环保
600477,杭萧钢构
002639,雪人股份
600033,福建高速
603458,勘设股份
002386,天原集团
601016,节能风电
002502,*ST鼎龙
002500,山西证券
002448,中原内配
000607,华媒控股
002879,长缆科技
603630,拉芳家化
000722,湖南发展
600517,国网英大
300463,迈克生物
300215,电科院
000807,云铝股份
000417,合肥百货
600880,博瑞传播
600559,老白干酒
600507,方大特钢
600292,远达环保
002926,华西证券
000783,长江证券
300020,银江股份
002479,富春环保
000541,佛山照明
300124,汇川技术
600332,白云山
603158,腾龙股份
601188,龙江交通
000631,顺发恒业
002457,青龙管业
000590,启迪古汉
300207,欣旺达
601766,中国中车
603390,通达电气
600030,中信证券
600287,江苏舜天
600243,*ST海华
600668,尖峰集团
600216,浙江医药
000912,泸天化
601330,绿色动力
002147,*ST新光
002916,深南电路
600580,卧龙电驱
002400,省广集团
600530,*ST交昂
002602,世纪华通
601512,中新集团
600502,安徽建工
600367,红星发展
002454,松芝股份
600018,上港集团
601222,林洋能源
000662,*ST天夏
002063,远光软件
600191,华资实业
601377,兴业证券
688096,京源环保
600996,贵广网络
600527,江南高纤
002347,泰尔股份
002931,锋龙股份
600379,宝光股份
300340,科恒股份
603991,至正股份
600119,ST长投
300586,美联新材
003816,中国广核
002243,通产丽星
000002,万  科Ａ
600624,复旦复华
600596,新安股份
600039,四川路桥
300532,今天国际
603225,新凤鸣
603077,和邦生物
601601,中国太保
002687,乔治白
300476,胜宏科技
002061,浙江交科
600489,中金黄金
000686,东北证券
601789,宁波建工
002638,*ST勤上
002512,达华智能
002706,良信电器
300208,青岛中程
603421,鼎信通讯
300681,英搏尔
600570,恒生电子
002270,华明装备
000806,*ST银河
300689,澄天伟业
300162,雷曼光电
603596,伯特利
601607,上海医药
002538,司尔特
002357,富临运业
002661,克明面业
000558,莱茵体育
002095,生 意 宝
603501,韦尔股份
603030,全筑股份
688065,凯赛生物
600819,耀皮玻璃
002135,东南网架
600706,曲江文旅
002124,天邦股份
603989,艾华集团
600761,安徽合力
600830,香溢融通
002659,凯文教育
300052,中青宝
603212,赛伍技术
002910,庄园牧场
002277,友阿股份
600158,中体产业
002762,金发拉比
603079,圣达生物
300649,杭州园林
300440,运达科技
601958,金钼股份
600578,京能电力
600550,保变电气
000703,恒逸石化
603017,中衡设计
002808,恒久科技
002625,光启技术
603115,海星股份
603822,嘉澳环保
603327,福蓉科技
603708,家家悦
000531,穗恒运Ａ
688289,圣湘生物
600785,新华百货
603228,景旺电子
600814,杭州解百
601003,柳钢股份
300848,美瑞新材
002885,京泉华
300746,汉嘉设计
002768,国恩股份
002677,浙江美大
002186,全 聚 德
002391,长青股份
603335,迪生力
002563,森马服饰
603112,华翔股份
000917,电广传媒
000004,国农科技
002751,易尚展示
605003,众望布艺
000833,粤桂股份
000521,长虹美菱
600894,广日股份
000612,焦作万方
002838,道恩股份
002980,华盛昌
600193,ST创兴
002887,绿茵生态
600116,三峡水利
002060,粤 水 电
000040,东旭蓝天
002574,明牌珠宝
603100,川仪股份
000025,特  力Ａ
000035,中国天楹
600592,龙溪股份
002942,新农股份
002671,龙泉股份
600853,龙建股份
000965,天保基建
603060,国检集团
002475,立讯精密
603966,法兰泰克
688398,赛特新材
603111,康尼机电
600630,龙头股份
600790,轻纺城
600149,ST坊展
002565,顺灏股份
000836,富通鑫茂
000059,华锦股份
000990,诚志股份
002033,丽江股份
002284,亚太股份
603803,瑞斯康达
601010,文峰股份
600979,广安爱众
002154,报 喜 鸟
000810,创维数字
002319,*ST乐通
600117,西宁特钢
300673,佩蒂股份
605222,起帆电缆
300213,佳讯飞鸿
600637,东方明珠
002162,悦心健康
603968,醋化股份
688139,海尔生物
603353,和顺石油
600400,红豆股份
603893,瑞芯微
000056,皇庭国际
002743,富煌钢构
600381,青海春天
000585,*ST东电
300616,尚品宅配
300640,德艺文创
002202,金风科技
601952,苏垦农发
000657,中钨高新
600387,海越能源
000544,中原环保
603099,长白山
600962,国投中鲁
600382,广东明珠
002004,华邦健康
600285,羚锐制药
002103,广博股份
603093,南华期货
002217,合力泰
000540,中天金融
603889,新澳股份
000623,吉林敖东
601319,中国人保
002542,中化岩土
002623,亚玛顿
603366,日出东方
603006,联明股份
300267,尔康制药
605399,晨光新材
002770,ST科迪
002227,奥 特 迅
300512,中亚股份
000525,红 太 阳
002681,*ST奋达
688208,道通科技
600125,铁龙物流
000498,山东路桥
300404,博济医药
603585,苏利股份
002860,星帅尔
002861,瀛通通讯
000617,中油资本
600841,上柴股份
000488,晨鸣纸业
603096,新经典
601011,宝泰隆
000797,中国武夷
002090,金智科技
603128,华贸物流
603011,合锻智能
002015,协鑫能科
300006,莱美药业
688550,瑞联新材
600784,鲁银投资
000776,广发证券
000679,*ST友谊
002057,中钢天源
600539,ST狮头
002918,蒙娜丽莎
600369,西南证券
002595,豪迈科技
300833,浩洋股份
002539,云图控股
600328,中盐化工
002198,嘉应制药
002102,ST冠福
000666,经纬纺机
002486,嘉麟杰
600796,钱江生化
002783,凯龙股份
601390,中国中铁
600611,大众交通
002734,利民股份
002968,新大正
002656,ST摩登
000966,长源电力
300601,康泰生物
300815,玉禾田
300598,诚迈科技
002606,大连电瓷
002801,微光股份
002882,金龙羽
601598,中国外运
002589,瑞康医药
002207,准油股份
000850,华茂股份
002773,康弘药业
600857,宁波中百
000507,珠海港
605128,上海沿浦
002422,科伦药业
600820,隧道股份
605388,均瑶健康
000619,海螺型材
300321,同大股份
002521,齐峰新材
600600,青岛啤酒
603279,景津环保
002913,奥士康
600816,*ST安信
000509,*ST华塑
601002,晋亿实业
002395,双象股份
002848,高斯贝尔
601298,青岛港
002877,智能自控
601669,中国电建
603195,公牛集团
601226,华电重工
603050,科林电气
603950,长源东谷
605199,葫芦娃
603619,中曼石油
000705,浙江震元
000563,陕国投Ａ
002893,华通热力
603909,合诚股份
002002,鸿达兴业
600426,华鲁恒升
600101,明星电力
000538,云南白药
002586,*ST围海
603066,音飞储存
600079,人福医药
600261,阳光照明
000910,大亚圣象
000882,华联股份
600751,海航科技
603569,长久物流
601880,大连港
000822,山东海化
688050,爱博医疗
600103,青山纸业
300509,新美星
002717,岭南股份
300886,华业香料
002609,捷顺科技
002972,科安达
002613,北玻股份
300652,雷迪克
600551,时代出版
603639,海利尔
600782,新钢股份
002907,华森制药
688577,浙海德曼
600805,悦达投资
002769,普路通
600057,厦门象屿
000928,中钢国际
002891,中宠股份
000420,吉林化纤
002811,郑中设计
600686,金龙汽车
603861,白云电器
002881,美格智能
601229,上海银行
002945,华林证券
603579,荣泰健康
601236,红塔证券
603139,康惠制药
603567,珍宝岛
600284,浦东建设
603095,越剑智能
600652,ST游久
002807,江阴银行
600854,春兰股份
600965,福成股份
300244,迪安诊断
002865,钧达股份
600638,新黄浦
000629,攀钢钒钛
002900,哈三联
601099,太平洋
002445,*ST中南
000759,中百集团
000709,河钢股份
000651,格力电器
603663,三祥新材
600155,华创阳安
600626,申达股份
002178,延华智能
000899,赣能股份
600548,深高速
688393,安必平
600608,ST沪科
000919,金陵药业
600419,天润乳业
601628,中国人寿
600726,华电能源
600385,ST金泰
000757,浩物股份
000809,铁岭新城
688228,开普云
000089,深圳机场
300093,金刚玻璃
000918,嘉凯城
600885,宏发股份
601985,中国核电
603616,韩建河山
300248,新开普
601567,三星医疗
002214,大立科技
601179,中国西电
600325,华发股份
002761,多喜爱
002412,汉森制药
002663,普邦股份
600992,贵绳股份
600755,厦门国贸
002272,川润股份
300063,天龙集团
300829,金丹科技
002101,广东鸿图
600717,天津港
000419,通程控股
600182,S佳通
600704,物产中大
002315,焦点科技
603323,苏农银行
600802,福建水泥
600858,银座股份
300737,科顺股份
603339,四方科技
603898,好莱客
601990,南京证券
000933,神火股份
002806,华锋股份
002963,豪尔赛
000528,柳    工
000659,珠海中富
000595,*ST宝实
603053,成都燃气
600812,华北制药
603398,邦宝益智
002463,沪电股份
002083,孚日股份
600362,江西铜业
002274,华昌化工
300748,金力永磁
300674,宇信科技
002619,艾格拉斯
603706,东方环宇
002693,双成药业
002035,华帝股份
603823,百合花
603105,芯能科技
600736,苏州高新
600166,福田汽车
300305,裕兴股份
002168,惠程科技
300131,英唐智控
600831,广电网络
600308,华泰股份
002678,珠江钢琴
601788,光大证券
300157,恒泰艾普
300623,捷捷微电
000790,华神科技
603357,设计总院
000593,大通燃气
002750,龙津药业
000999,华润三九
600159,大龙地产
600322,天房发展
002495,佳隆股份
002213,大为股份
002843,泰嘉股份
002331,皖通科技
002503,搜于特
002007,华兰生物
600863,内蒙华电
002958,青农商行
002523,天桥起重
002789,建艺集团
601949,中国出版
000502,绿景控股
002786,银宝山新
688202,美迪西
600681,百川能源
601211,国泰君安
002172,澳洋健康
000668,荣丰控股
300204,舒泰神
603359,东珠生态
002957,科瑞技术
600873,梅花生物
603536,惠发食品
002352,顺丰控股
603680,今创集团
600987,航民股份
002543,万和电气
600808,马钢股份
002561,徐家汇
603578,三星新材
300839,博汇股份
002029,七 匹 狼
603733,仙鹤股份
600393,粤泰股份
601579,会稽山
000012,南  玻Ａ
601777,*ST力帆
600397,安源煤业
000628,高新发展
300835,龙磁科技
601186,中国铁建
603429,集友股份
600708,光明地产
600982,宁波热电
000533,顺钠股份
603656,泰禾光电
601069,西部黄金
600892,*ST大晟
300194,福安药业
605158,华达新材
002438,江苏神通
600565,迪马股份
002956,西麦食品
603587,地素时尚
002329,皇氏集团
600512,腾达建设
601827,三峰环境
600320,振华重工
002205,国统股份
603087,甘李药业
601600,中国铝业
605001,威奥股份
600594,益佰制药
002960,青鸟消防
002382,蓝帆医疗
601999,出版传媒
300010,豆神教育
000039,中集集团
600200,江苏吴中
002692,ST远程
002839,张家港行
002886,沃特股份
600061,国投资本
002114,罗平锌电
002404,嘉欣丝绸
600234,ST山水
002552,宝鼎科技
000546,金圆股份
600282,南钢股份
000616,海航投资
600339,中油工程
000949,新乡化纤
600199,金种子酒
002805,丰元股份
688108,赛诺医疗
603757,大元泵业
002437,誉衡药业
000650,仁和药业
601019,山东出版
002522,浙江众成
000692,惠天热电
600097,开创国际
600558,大西洋
600113,浙江东日
600000,浦发银行
002672,东江环保
600377,宁沪高速
002267,陕天然气
603896,寿仙谷
600887,伊利股份
002749,国光股份
688599,天合光能
600420,现代制药
600843,上工申贝
603615,茶花股份
603043,广州酒家
002434,万里扬
300856,科思股份
603610,麒盛科技
601116,三江购物
300676,华大基因
300178,腾邦国际
600780,通宝能源
600252,中恒集团
600688,上海石化
000811,冰轮环境
002952,亚世光电
001965,招商公路
688580,伟思医疗
002955,鸿合科技
300770,新媒股份
000796,凯撒旅业
002067,景兴纸业
600794,保税科技
000429,粤高速Ａ
000611,ST天首
002840,华统股份
000520,长航凤凰
600368,五洲交通
600981,汇鸿集团
002757,南兴股份
605066,天正电气
002875,安奈儿
000504,ST生物
002950,奥美医疗
600695,绿庭投资
688189,南新制药
300354,东华测试
603800,道森股份
000778,新兴铸管
000848,承德露露
000755,山西路桥
603960,克来机电
600503,华丽家族
600138,中青旅
300697,电工合金
300419,浩丰科技
601339,百隆东方
603012,创力集团
000635,英 力 特
600903,贵州燃气
002011,盾安环境
600604,市北高新
688021,奥福环保
000883,湖北能源
000860,顺鑫农业
600300,维维股份
002936,郑州银行
600936,广西广电
000900,现代投资
600722,金牛化工
600354,*ST敦种
002545,东方铁塔
000789,万年青
600622,光大嘉宝
000529,广弘控股
603197,保隆科技
600939,重庆建工
600310,桂东电力
600028,中国石化
000514,渝 开 发
002105,信隆健康
600483,福能股份
000902,新洋丰
002261,拓维信息
600505,西昌电力
002514,宝馨科技
603031,安德利
600861,北京城乡
000036,华联控股
600828,茂业商业
600824,益民集团
002441,众业达
300843,胜蓝股份
300436,广生堂
300514,友讯达
000078,海王生物
601860,紫金银行
000409,ST地矿
605255,天普股份
601688,华泰证券
688357,建龙微纳
603505,金石资源
601916,浙商银行
300426,唐德影视
600643,爱建集团
002889,东方嘉盛
000553,安道麦A
002255,*ST海陆
600062,华润双鹤
603489,八方股份
600635,大众公用
002605,姚记科技
601881,中国银河
600302,标准股份
601198,东兴证券
300873,海晨股份
002793,罗欣药业
603919,金徽酒
601658,邮储银行
300143,盈康生命
300503,昊志机电
002341,新纶科技
600479,千金药业
002550,千红制药
300314,戴维医疗
600740,山西焦化
000766,通化金马
601328,交通银行
600610,ST毅达
600319,ST亚星
002890,弘宇股份
000756,新华制药
000048,京基智农
002494,华斯股份
002301,齐心集团
601828,美凯龙
600050,中国联通
600561,江西长运
600223,鲁商发展
300027,华谊兄弟
600096,云天化
300395,菲利华
002380,科远智慧
600019,宝钢股份
002393,力生制药
600621,华鑫股份
600513,联环药业
600997,开滦股份
688298,东方生物
603198,迎驾贡酒
601908,京运通
605333,沪光股份
002349,精华制药
600644,乐山电力
300506,名家汇
601166,兴业银行
300842,帝科股份
000926,福星股份
600999,招商证券
600337,美克家居
002144,宏达高科
600493,凤竹纺织
600351,亚宝药业
601375,中原证券
300039,上海凯宝
600908,无锡银行
000425,徐工机械
002307,北新路桥
603681,永冠新材
600649,城投控股
002212,南洋股份
605188,国光连锁
002200,ST云投
002740,爱迪尔
002232,启明信息
002159,三特索道
600197,伊力特
002515,金字火腿
600180,瑞茂通
002790,瑞尔特
600053,九鼎投资
603000,人民网
000584,哈工智能
600547,山东黄金
603303,得邦照明
300366,创意信息
600538,国发股份
600609,金杯汽车
603299,苏盐井神
000537,广宇发展
600519,贵州茅台
603221,爱丽家居
600213,亚星客车
000626,远大控股
600727,鲁北化工
002961,瑞达期货
300068,南都电源
002549,凯美特气
300522,世名科技
600837,海通证券
300712,永福股份
002719,*ST麦趣
600848,上海临港
601800,中国交建
601021,春秋航空
002971,和远气体
603716,塞力斯
600810,神马股份
601997,贵阳银行
601933,永辉超市
000931,中 关 村
000858,五 粮 液
002252,上海莱士
603963,大理药业
300636,同和药业
603725,天安新材
601901,方正证券
603183,建研院
002343,慈文传媒
002832,比音勒芬
300246,宝莱特
603648,畅联股份
601900,南方传媒
002702,海欣食品
603408,建霖家居
603123,翠微股份
002385,大北农
300679,电连技术
601717,郑煤机
000042,中洲控股
600346,恒力石化
600650,锦江投资
002381,双箭股份
600900,长江电力
002673,西部证券
688301,奕瑞科技
002258,利尔化学
300611,美力科技
002432,九安医疗
000096,广聚能源
603222,济民制药
600958,东方证券
603658,安图生物
600822,上海物贸
002820,桂发祥
603351,威尔药业
600801,华新水泥
600809,山西汾酒
600007,中国国贸
603869,新智认知
600085,同仁堂
300357,我武生物
603629,利通电子
300457,赢合科技
002462,嘉事堂
002614,奥佳华
600421,ST仰帆
300203,聚光科技
002313,日海智能
603801,志邦家居
600137,浪莎股份
002986,宇新股份
603939,益丰药房
002669,康达新材
300497,富祥药业
300369,绿盟科技
300885,海昌新材
300313,天山生物
300546,雄帝科技
002878,元隆雅图
300825,阿尔特
603507,振江股份
600201,生物股份
600585,海螺水泥
002223,鱼跃医疗
000423,东阿阿胶
300142,沃森生物
002995,天地在线
002993,奥海科技
688788,科思科技
688386,泛亚微透
688330,宏力达
688179,阿拉丁
688129,东来技术
688093,世华科技
605338,巴比食品
605336,帅丰电器
605099,共创草坪
605058,澳弘电子
605006,山东玻纤
603900,莱绅通灵
603843,正平股份
603779,ST威龙
603721,中广天择
603677,奇精机械
603660,苏州科达
603558,健盛集团
603488,展鹏科技
603188,ST亚邦
603126,中材节能
601998,中信银行
601992,金隅集团
601991,大唐发电
601619,嘉泽新能
601568,北元集团
601558,退市锐电
601518,吉林高速
601456,国联证券
601398,工商银行
601333,广深铁路
601299,中国北车
601268,*ST二重
601187,厦门银行
601169,北京银行
601158,重庆水务
601077,渝农商行
601015,陕西黑猫
601008,连云港
601007,金陵饭店
601006,大秦铁路
600991,广汽长丰
600985,淮北矿业
600968,海油发展
600928,西安银行
600917,重庆燃气
600899,*ST信联
600891,*ST秋林
600881,亚泰集团
600878,*ST北科
600871,石化油服
600860,*ST京城
600856,*ST中天
600852,*ST中川
600849,上药转换
600842,中西药业
600840,新湖创业
600832,东方明珠
600829,人民同泰
600826,兰生股份
600815,*ST厦工
600813,ST鞍一工
600806,退市昆机
600800,天津磁卡
600799,*ST龙科
600788,*ST达曼
600786,东方锅炉
600777,新潮能源
600772,S*ST龙昌
600769,祥龙电业
600766,园城黄金
600762,S*ST金荔
600752,*ST哈慈
600747,退市大控
600743,华远地产
600709,ST生态
600701,*ST工新
600700,*ST数码
600691,阳煤化工
600687,*ST刚泰
600680,*ST上普
600677,*ST航通
600674,川投能源
600672,*ST华圣
600670,*ST斯达
600669,*ST鞍成
600666,ST瑞德
600659,*ST花雕
600656,退市博元
600654,ST中安
600646,ST国嘉
600634,*ST富控
600632,华联商厦
600631,百联股份
600627,上电股份
600625,PT水仙
600620,天宸股份
600614,*ST鹏起
600607,上实医药
600591,*ST上航
600583,海油工程
600579,克劳斯
600569,安阳钢铁
600568,*ST中珠
600567,山鹰纸业
600556,天下秀
600553,太行水泥
600533,栖霞建设
600490,鹏欣资源
600485,*ST信威
600472,包头铝业
600432,退市吉恩
600408,ST安泰
600403,大有能源
600401,退市海润
600376,首开股份
600357,承德钒钛
600348,阳泉煤业
600333,长春燃气
600317,营口港
600311,*ST荣华
600297,广汇汽车
600296,S兰铝
600286,S*ST国瓷
600270,外运发展
600263,路桥建设
600255,*ST梦舟
600253,天方药业
600248,延长化建
600241,*ST时万
600240,退市华业
600233,圆通速递
600215,*ST经开
600209,ST罗顿
600205,S山东铝
600190,锦州港
600181,S*ST云大
600175,退市美都
600170,上海建工
600169,太原重工
600160,巨化股份
600123,兰花科创
600109,国金证券
600102,莱钢股份
600098,广州发展
600092,S*ST精密
600090,*ST济堂
600087,退市长油
600076,康欣新材
600074,退市保千
600069,退市银鸽
600068,葛洲坝
600065,*ST联谊
600063,皖维高新
600020,中原高速
600005,武钢股份
600003,ST东北高
600002,齐鲁石化
600001,邯郸钢铁
300999,金龙鱼
300901,中胤时尚
300900,广联航空
300899,上海凯鑫
300898,熊猫乳品
300871,回盛生物
300526,中潜股份
300372,欣泰退
300363,博腾股份
300362,天翔环境
300336,新文化
300294,博雅生物
300216,千山退
300186,大华农
300156,神雾退
300121,阳谷华泰
300104,乐视退
300090,盛运退
300071,华谊嘉信
300050,世纪鼎利
300028,金亚退
003016,欣贺股份
003015,日久光电
003013,地铁设计
003012,东鹏控股
003011,海象新材
003001,中岩大地
002953,日丰股份
002869,金溢科技
002818,富森美
002716,*ST金贵
002711,*ST欧浦
002703,浙江世宝
002680,长生退
002650,ST加加
002604,龙力退
002592,ST八菱
002575,*ST群兴
002509,天茂退
002501,*ST利源
002499,*ST科林
002478,常宝股份
002477,雏鹰退
002470,*ST金正
002450,*ST康得
002378,章源钨业
002359,*ST北讯
002356,*ST赫美
002339,积成电子
002327,富安娜
002305,南国置业
002290,ST中科创
002283,天润工业
002260,*ST德奥
002256,*ST兆新
002220,天宝退
002155,湖南黄金
002143,印纪退
002133,广宇集团
002113,*ST天润
002109,兴化股份
002108,沧州明珠
002086,*ST东洋
002070,众和退
002053,云南能投
002018,华信退
001896,豫能控股
000995,*ST皇台
000979,中弘退
000956,中原油气
000939,*ST凯迪
000922,佳电股份
000916,华北高速
000885,城发环境
000866,扬子石化
000837,*ST秦机
000832,*ST龙涤
000827,*ST长兴
000825,太钢不锈
000817,辽河油田
000816,ST慧业
000805,*ST炎黄
000800,一汽解放
000792,*ST盐湖
000787,*ST创智
000782,美达股份
000780,*ST平能
000769,*ST大菲
000765,*ST华信
000763,锦州石化
000760,*ST斯太
000752,*ST西发
000748,长城信息
000737,ST南风
000736,中交地产
000730,*ST环保
000717,韶钢松山
000716,黑芝麻
000699,S*ST佳纸
000693,华泽退
000689,ST宏业
000683,远兴能源
000677,恒天海龙
000675,ST银山
000670,*ST盈方
000669,*ST金鸿
000660,*ST南华
000658,ST海洋
000653,ST九州
000621,*ST比特
000618,吉林化工
000602,金马集团
000594,国恒退
000588,PT粤金曼
000583,S*ST托普
000578,盐湖集团
000569,长城股份
000562,宏源证券
000556,PT南洋
000549,S湘火炬
000542,TCL通讯
000535,*ST猴王
000527,美的电器
000522,白云山A
000515,攀渝钛业
000511,烯碳退
000508,琼民源A
000422,ST宜化
000418,小天鹅A
000412,ST五环
000406,石油大明
000405,ST鑫光
000047,ST中侨
000033,新都退
000029,深深房Ａ
000024,招商地产
000018,神城A退
000017,*ST中华A
000015,PT中浩A
000013,*ST石化A
000003,PT金田A
002735,王子新材
603203,快克股份
603416,信捷电气
002709,天赐材料
605288,凯迪股份
300811,铂科新材
000568,泸州老窖
300661,圣邦股份
605118,力鼎光电
603768,常青股份
601088,中国神华
300118,东方日升
600340,华夏幸福
300482,万孚生物
002233,塔牌集团
300536,农尚环境
002736,国信证券
603165,荣晟环保
002728,特一药业
002572,索菲亚
603789,星光农机
300858,科拓生物
600557,康缘药业
600745,闻泰科技
603081,大丰实业
605108,同庆楼
300705,九典制药
002823,凯中精密
300755,华致酒行
603499,翔港科技
600141,兴发集团
300841,康华生物
300743,天地数码
300559,佳发教育
300644,南京聚隆
000028,国药一致
000153,丰原药业
002697,红旗连锁
603797,联泰环保
600295,鄂尔多斯
002867,周大生
603628,清源股份
603608,天创时尚
002112,三变科技
603037,凯众股份
002966,苏州银行
603368,柳药股份
002146,荣盛发展
002153,石基信息
001979,招商蛇口
600203,福日电子
603027,千禾味业
300776,帝尔激光
300315,掌趣科技
000878,云南铜业
603116,红蜻蜓
002688,金河生物
002085,万丰奥威
300861,美畅股份
603166,福达股份
000402,金 融 街
002939,长城证券
002722,金轮股份
600301,ST南化
300291,华录百纳
601369,陕鼓动力
002250,联化科技
000903,云内动力
000006,深振业Ａ
600015,华夏银行
603790,雅运股份
688218,江苏北人
000888,峨眉山Ａ
002003,伟星股份
600133,东湖高新
002730,电光科技
600266,城建发展
600094,大名城
300109,新开源
603348,文灿股份
300793,佳禾智能
600222,太龙药业
300226,上海钢联
603101,汇嘉时代
600232,金鹰股份
688003,天准科技
000166,申万宏源
002485,希努尔
002251,步 步 高
600110,诺德股份
600016,民生银行
002123,梦网集团
300374,中铁装配
300499,高澜股份
002453,华软科技
600012,皖通高速
300392,腾信股份
600540,新赛股份
002967,广电计量
601668,中国建筑
300298,三诺生物
002228,合兴包装
000803,*ST北能
002302,西部建设
603895,天永智能
600006,东风汽车
002244,滨江集团
300822,贝仕达克
601238,广汽集团
600278,东方创业
002275,桂林三金
600876,洛阳玻璃
002304,洋河股份
603055,台华新材
002377,国创高新
603289,泰瑞机器
600262,北方股份
000046,泛海控股
603028,赛福天
600601,方正科技
601636,旗滨集团
601857,中国石油
601177,杭齿前进
600048,保利地产
600739,辽宁成大
603520,司太立
601009,南京银行
603778,乾景园林
600448,华纺股份
300040,九洲集团
600306,*ST商城
600716,凤凰股份
603883,老百姓
000010,美丽生态
002776,柏堡龙
603298,杭叉集团
002713,东易日盛
600651,*ST飞乐
002276,万马股份
603056,德邦股份
002652,扬子新材
603167,渤海轮渡
601818,光大银行
000726,鲁  泰Ａ
600067,冠城大通
603333,尚纬股份
603319,湘油泵
002088,鲁阳节能
603331,百达精工
000069,华侨城Ａ
600004,白云机场
600269,赣粤高速
600597,光明乳业
601838,成都银行
600749,西藏旅游
300257,开山股份
002621,美吉姆
601988,中国银行
600758,辽宁能源
601288,农业银行
600825,新华传媒
000889,中嘉博创
002558,巨人网络
600723,首商股份
600052,浙江广厦
002872,ST天圣
002777,久远银海
002039,黔源电力
002562,兄弟科技
603855,华荣股份
002360,同德化工
000338,潍柴动力
300791,仙乐健康
000551,创元科技
600008,XR首创股
601816,京沪高铁
603515,欧普照明
600035,楚天高速
002286,保龄宝
300651,金陵体育
600748,上实发展
300452,山河药辅
000503,国新健康
002624,完美世界
600106,重庆路桥
601117,中国化学
002098,浔兴股份
603709,中源家居
000968,蓝焰控股
601811,新华文轩
000157,中联重科
600179,*ST安通
603590,康辰药业
300718,长盛轴承
603816,顾家家居
002338,奥普光电
300889,爱克股份
002948,青岛银行
600693,东百集团
002648,卫星石化
600491,龙元建设
601918,新集能源
002375,亚厦股份
300148,天舟文化
600373,中文传媒
600961,株冶集团
300727,润禾材料
300441,鲍斯股份
600132,重庆啤酒
688006,杭可科技
603589,口子窖
300751,迈为股份
601366,利群股份
600886,国投电力
000983,西山煤电
002016,世荣兆业
000548,湖南投资
300669,沪宁股份
601225,陕西煤业
603033,三维股份
300125,聆达股份
002314,南山控股
603833,欧派家居
600104,上汽集团
002122,*ST天马
603156,养元饮品
603700,宁水集团
600162,香江控股
600919,江苏银行
002798,帝欧家居
002582,好想你
002166,莱茵生物
601939,建设银行
300219,鸿利智汇
600795,国电电力
000869,张  裕Ａ
000813,德展健康
600926,杭州银行
600228,ST昌九
300486,东杰智能
603755,日辰股份
601898,中煤能源
000710,贝瑞基因
603848,好太太
601101,昊华能源
603686,龙马环卫
603389,*ST亚振
002027,分众传媒
600509,天富能源
300182,捷成股份
300326,凯利泰
002739,万达电影
300290,荣科科技
300505,川金诺
002905,金逸影视
000981,*ST银亿
002418,*ST康盛
688085,三友医疗
600027,华电国际
603326,我乐家居
002653,海思科
300573,兴齐眼药
603885,吉祥航空
603786,科博达
000957,中通客车
000007,全新好
002531,天顺风能
002116,中国海诚
601566,九牧王
600767,ST运盛
603306,华懋科技
002482,广田集团
002262,恩华药业
300566,激智科技
002259,*ST升达
600452,涪陵电力
603970,中农立华
688039,当虹科技
300550,和仁科技
002699,美盛文化
600779,水井坊
300132,青松股份
603918,金桥信息
600468,百利电气
002266,浙富控股
002416,爱施德
600115,东方航空
600031,三一重工
300205,天喻信息
600383,金地集团
300757,罗博特科
600112,ST天成
300756,中山金马
000762,西藏矿业
000723,美锦能源
002014,永新股份
603313,梦百合
600976,健民集团
000301,东方盛虹
601098,中南传媒
600389,江山股份
603867,新化股份
002903,宇环数控
601005,重庆钢铁
600898,*ST美讯
002239,奥特佳
603239,浙江仙通
002667,鞍重股份
000599,青岛双星
002940,昂利康
300523,辰安科技
600612,老凤祥
600256,广汇能源
601965,中国汽研
002071,*ST长城
603377,东方时尚
600066,宇通客车
002054,德美化工
600803,新奥股份
000582,北部湾港
000517,荣安地产
603109,神驰机电
000980,*ST众泰
600107,美尔雅
000415,渤海租赁
000608,阳光股份
600529,山东药玻
002322,理工环科
002947,恒铭达
603018,中设集团
300540,深冷股份
603008,喜临门
601028,玉龙股份
603987,康德莱
601618,中国中冶
300160,秀强股份
000799,酒鬼酒
601318,中国平安
600827,百联股份
000615,京汉股份
600438,通威股份
601778,晶科科技
300624,万兴科技
603177,德创环保
603358,华达科技
603878,武进不锈
600789,鲁抗医药
603948,XD建业股
600606,绿地控股
603728,鸣志电器
603808,歌力思
600754,锦江酒店
603666,亿嘉和
002506,协鑫集成
601699,潞安环能
300188,美亚柏科
688106,金宏气体
600459,贵研铂业
300639,凯普生物
603661,恒林股份
601858,中国科传
002810,山东赫达
000037,深南电A
002899,英派斯
603566,普莱柯
600037,歌华有线
600122,*ST宏图
002594,比亚迪
603818,曲美家居
600188,兖州煤业
601107,四川成渝
603868,飞科电器
002211,宏达新材
600029,南方航空
002278,神开股份
600665,天地源
300128,锦富技术
600978,*ST宜生
002816,和科达
603040,新坐标
002626,金达威
002107,沃华医药
300406,九强生物
002128,露天煤业
000656,金科股份
002858,力盛赛车
600929,雪天盐业
000410,*ST沈机
300892,C品渥
002142,宁波银行
600729,重庆百货
600089,特变电工
688516,奥特维
002047,宝鹰股份
002598,山东章鼓
600011,华能国际
603871,嘉友国际
000785,居然之家
002044,美年健康
603990,麦迪科技
600731,湖南海利
002309,中利集团
603360,百傲化学
300853,申昊科技
600511,国药股份
002176,*ST江特
300551,古鳌科技
002767,先锋电子
601111,中国国航
600281,太化股份
002705,新宝股份
300461,田中精机
688027,国盾量子
600486,扬农化工
603916,苏博特
600395,盘江股份
000828,东莞控股
000838,财信发展
002427,ST尤夫
002481,双塔食品
000058,深 赛 格
000572,ST海马
603958,哈森股份
600508,上海能源
600870,ST厦华
601877,正泰电器
600589,广东榕泰
300685,艾德生物
300883,龙利得
600792,云煤能源
603583,捷昌驱动
000667,美好置业
603039,泛微网络
601001,大同煤业
600720,祁连山
002658,雪迪龙
300026,红日药业
002508,老板电器
000698,沈阳化工
300225,金力泰
300274,阳光电源
600080,ST金花
002748,世龙实业
300612,宣亚国际
600676,交运股份
300787,海能实业
002306,ST云网
300064,豫金刚石
603332,苏州龙杰
603001,奥康国际
002245,澳洋顺昌
300675,建科院
002354,*ST天娱
600466,蓝光发展
603229,奥翔药业
002634,棒杰股份
600406,国电南瑞
601100,恒立液压
002099,海翔药业
600735,新华锦
002076,*ST雪莱
002570,贝因美
600546,山煤国际
002551,尚荣医疗
601595,上海电影
601162,天风证券
600586,金晶科技
601666,平煤股份
002766,*ST索菱
300262,巴安水务
002553,南方轴承
002821,凯莱英
000518,四环生物
300405,科隆股份
601633,长城汽车
300289,利德曼
000408,*ST藏格
603711,香飘飘
002758,华通医药
600660,福耀玻璃
002026,山东威达
600890,中房股份
002884,凌霄泵业
300106,西部牧业
300218,安利股份
600178,东安动力
603697,有友食品
000913,钱江摩托
603657,春光科技
002333,ST罗普
600423,ST柳化
600054,黄山旅游
300396,迪瑞医疗
300745,欣锐科技
002203,海亮股份
002431,棕榈股份
300592,华凯创意
000587,*ST金洲
600793,宜宾纸业
300385,雪浪环境
605009,豪悦护理
600267,海正药业
600036,招商银行
002919,名臣健康
603069,海汽集团
603181,皇马科技
000150,宜华健康
600741,华域汽车
603806,福斯特
000550,江铃汽车
600196,复星医药
600977,中国电影
600121,郑州煤电
000835,*ST长动
600463,空港股份
300731,科创新源
300828,锐新科技
000031,大悦城
002188,ST巴士
002398,垒知集团
002981,朝阳科技
000961,中南建设
300301,长方集团
000671,阳 光 城
002941,新疆交建
002880,卫光生物
603637,镇海股份
603085,天成自控
002472,双环传动
600210,紫江企业
002752,昇兴股份
603199,九华旅游
300393,中来股份
600563,法拉电子
002988,豪美新材
600336,澳柯玛
601888,中国中免
002081,金 螳 螂
002610,爱康科技
002729,好利来
300251,光线传媒
000786,北新建材
603828,柯利达
002568,百润股份
300609,汇纳科技
300846,首都在线
300122,智飞生物
300659,中孚信息
002679,福建金森
603238,诺邦股份
603917,合力科技
600221,海航控股
000026,飞亚达
688390,固德威
600593,大连圣亚
300588,熙菱信息
300089,文化长城
600146,*ST环球
603208,江山欧派
600872,中炬高新
002989,中天精装
600682,南京新百
600084,ST中葡
000526,紫光学大
002069,獐子岛
000820,*ST节能
000620,新华联
300715,凯伦股份
300430,诚益通
603103,横店影视
000955,欣龙控股
002772,众兴菌业
603813,原尚股份
605008,长鸿高科
603233,大参林
600226,*ST瀚叶
000027,深圳能源
002760,凤形股份
603922,金鸿顺
600888,新疆众和
603699,纽威股份
601128,常熟银行
603301,振德医疗
300758,七彩化学
002928,华夏航空
000020,深华发Ａ
000978,桂林旅游
600774,汉商集团
000596,古井贡酒
002997,瑞鹄模具
600817,ST宏盛
000881,中广核技
300005,探路者
002745,木林森
300694,蠡湖股份
603300,华铁应急
000001,平安银行
002355,兴民智通
603330,上海天洋
300827,上能电气
603477,巨星农牧
688118,普元信息
603386,广东骏亚
600617,国新能源
300155,安居宝
000950,重药控股
002271,东方雨虹
603396,金辰股份
300275,梅安森
603538,美诺华
002282,博深股份
688536,思瑞浦
300358,楚天科技
002066,瑞泰科技
002517,恺英网络
300473,德尔股份
000586,汇源通信
002831,裕同科技
002390,信邦制药
300891,惠云钛业
002920,德赛西威
002833,弘亚数控
603110,东方材料
603535,嘉诚国际
002780,三夫户外
002345,潮宏基
603683,晶华新材
603157,*ST拉夏
300617,安靠智电
300288,朗玛信息
300816,艾可蓝
000929,兰州黄河
603045,福达合金
000732,泰禾集团
000951,中国重汽
002774,快意电梯
000727,*ST东科
300136,信维通信
000937,冀中能源
603032,德新交运
002473,ST圣莱
300830,金现代
300730,科创信息
000625,长安汽车
000430,张家界
600738,兰州民百
600265,ST景谷
002127,南极电商
002802,洪汇新材
300238,冠昊生物
600889,南京化纤
603315,福鞍股份
000552,靖远煤电
002021,ST中捷
002822,中装建设
300258,精锻科技
300332,天壕环境
600518,ST康美
002218,拓日新能
300882,万胜智能
603682,锦和商业
603007,花王股份
603626,科森科技
002949,华阳国际
002845,同兴达
603600,永艺股份
300484,蓝海华腾
300877,金春股份
002312,三泰控股
300412,迦南科技
600966,博汇纸业
002629,ST仁智
603067,振华股份
688408,中信博
002287,奇正藏药
300895,C铜牛
300887,谱尼测试
002566,益盛药业
600246,万通发展
000815,美利云
603829,洛凯股份
300117,嘉寓股份
300530,达志科技
002684,*ST猛狮
003005,竞业达
600859,王府井
600715,文投控股
000610,西安旅游
300485,赛升药业
600671,*ST目药
300528,幸福蓝海
300677,英科医疗
000524,岭南控股
002483,润邦股份
002444,巨星科技
002975,博杰股份
600732,爱旭股份
000880,潍柴重机
603555,*ST贵人
000571,*ST大洲
603767,中马传动
002219,*ST恒康
002863,今飞凯达
603080,新疆火炬
600818,中路股份
603013,亚普股份
600145,*ST新亿
000673,*ST当代
600086,*ST金钰
600984,建设机械
600225,*ST松江
603277,银都股份
000721,西安饮食
300888,稳健医疗
002723,金莱特
688185,康希诺-U
603129,春风动力
300869,康泰医学
600303,曙光股份
600157,*ST永泰
600091,ST明科
000927,*ST夏利
003007,直真科技
002569,ST步森
603886,元祖股份
300116,保力新
002210,*ST飞马
600836,*ST界龙
603059,倍加洁
300501,海顺新材
000573,粤宏远Ａ
600161,天坛生物
300813,泰林生物
600481,双良节能
000597,东北制药
002006,精功科技
603196,日播时尚
000802,北京文化
603076,乐惠国际
300062,中能电气
600425,青松建化
300865,大宏立
605050,福然德
300702,天宇股份
000411,英特集团
300080,易成新能
600521,华海药业
600211,西藏药业
000638,万方发展
300859,西域旅游
003008,开普检测
603022,新通联
688013,天臣医疗
603665,康隆达
605318,法狮龙
300893,C松原
605369,拱东医疗
600662,强生控股
300876,蒙泰高新
603976,正川股份
300018,中元股份
688585,上纬新材
603718,海利生物
300280,紫天科技
603565,中谷物流
603089,正裕工业
002118,紫鑫药业
002871,伟隆股份
600220,江苏阳光
000523,广州浪奇
605116,奥锐特
003003,天元股份
000688,国城矿业
600129,太极集团
002712,思美传媒
002674,兴业科技
000861,海印股份
300897,C山科
300740,御家汇
300778,新城市
300650,太龙照明
300169,天晟新材
300175,朗源股份
300431,暴风退
